Id,Created,Institution,Domain1Competency1,Domain1Competency2,Domain1Competency3,Domain1Competency4,Domain1Competency5,Domain1Competency6,Domain2Competency1,Domain2Competency2,Domain2Competency3,Domain2Competency4,Domain3Competency1,Domain3Competency2,Domain3Competency3,Domain3Competency4,Domain4Competency1,Domain4Competency2,Domain4Competency3,Domain4Competency4,Domain4Competency5,Domain5Competency1,Domain5Competency2,Domain5Competency3,Domain5Competency4,Domain1Competency1Important,Domain1Competency2Important,Domain1Competency3Important,Domain1Competency4Important,Domain1Competency5Important,Domain1Competency6Important,Domain2Competency1Important,Domain2Competency2Important,Domain2Competency3Important,Domain2Competency4Important,Domain3Competency1Important,Domain3Competency2Important,Domain3Competency3Important,Domain3Competency4Important,Domain4Competency1Important,Domain4Competency2Important,Domain4Competency3Important,Domain4Competency4Important,Domain4Competency5Important,Domain5Competency1Important,Domain5Competency2Important,Domain5Competency3Important,Domain5Competency4Important
e80eac06-ee50-46ba-b7c9-23a2dc06c6ea,3/17/2019 6:48:32 PM,,1,2,2,1,1,2,1,4,4,5,5,2,4,3,1,2,4,3,5,0,1,2,3,True,False,False,True,False,False,False,False,False,True,False,True,False,False,False,False,False,False,True,True,False,False,False
697265c4-9592-4543-a15c-1afb39fc3efd,3/17/2019 6:49:17 PM,,4,2,1,2,3,2,1,1,1,1,2,3,4,4,4,1,2,1,2,1,2,4,5,False,False,False,False,False,True,False,False,False,False,False,False,False,True,False,False,False,True,True,False,False,False,True
5b2c6255-e7a5-4a59-b0ed-d84a9ba28711,3/18/2019 10:38:02 PM,,0,0,0,0,0,0,0,0,0,0,0,0,0,0,0,0,0,0,0,1,2,3,4,False,False,False,False,False,False,False,False,False,False,False,False,False,False,False,False,False,False,False,False,False,False,False
fd35dd0c-73d3-4a85-b771-a96062b6fca4,3/18/2019 10:38:26 PM,,0,0,0,0,0,0,0,0,0,0,0,0,0,0,0,0,0,0,0,1,2,3,3,False,False,False,False,False,False,False,False,False,False,False,False,False,False,False,False,False,False,False,False,False,False,False
75deead6-5fdb-4b3d-a1a8-dc052348f9e4,3/19/2019 12:10:42 AM,,0,0,0,0,0,0,0,0,0,0,0,0,0,0,0,0,0,0,0,1,2,3,3,False,False,False,False,False,False,False,False,False,False,False,False,False,False,False,False,False,False,False,False,False,False,False
ce321c9f-6921-4072-9a57-3c9c3daffecb,3/19/2019 12:12:49 AM,0 STFM Staff,0,0,0,0,0,0,0,0,0,0,0,0,0,0,0,0,0,0,0,1,2,2,3,False,False,False,False,False,False,False,False,False,False,False,False,False,False,False,False,False,False,False,False,True,False,True
2c2d7b81-7125-4d00-819c-8d1b78594bb9,3/19/2019 1:03:18 AM,0 STFM Staff,0,0,0,0,0,0,0,0,0,0,0,0,0,0,0,0,0,0,0,1,2,3,4,False,False,False,False,False,False,False,False,False,False,False,False,False,False,False,False,False,False,False,False,False,False,True
235b5c27-ced9-4d2e-89a6-300fdde9d97e,3/19/2019 1:06:44 AM,0 STFM Staff,1,2,3,4,5,5,1,1,2,3,1,1,3,1,1,3,4,3,5,2,4,1,4,False,False,True,False,False,True,False,False,True,False,False,True,False,False,False,False,True,False,False,False,False,False,True
9d32106c-7e89-4b5d-8e8e-3aee361b03a7,3/19/2019 3:46:54 AM,0 STFM Staff,1,2,2,4,3,2,1,2,3,4,1,2,3,5,5,5,5,5,5,1,1,1,1,True,False,False,False,False,False,False,False,False,False,False,False,False,False,False,False,False,False,False,False,False,True,False
8becc311-d327-453c-a40e-5f1428a09dd2,3/19/2019 9:47:46 PM,"System.NullReferenceException: Object reference not set to an instance of an object.    at C1Function.Page_Load(Object sender, EventArgs e) in C:\websites\teaching_physician_test\App_Data\UserControls\CustomWidgets\SelfAssessmentData.ascx.cs:line 25",5,5,5,5,5,5,5,5,5,5,5,5,5,5,5,5,5,5,5,5,5,5,5,False,False,False,False,False,True,False,False,False,True,False,False,False,True,False,False,False,False,True,False,False,False,True
4d274b7d-c235-4c8c-9c88-ec9992832130,3/19/2019 9:49:14 PM,"System.NullReferenceException: Object reference not set to an instance of an object.    at C1Function.Page_Load(Object sender, EventArgs e) in C:\websites\teaching_physician_test\App_Data\UserControls\CustomWidgets\SelfAssessmentData.ascx.cs:line 25",1,2,2,2,3,1,1,2,5,3,3,4,2,5,2,1,0,2,1,2,3,2,1,True,False,False,False,False,False,False,True,False,False,False,True,False,True,False,True,False,False,False,False,False,False,True
6e92e456-3b2a-44f9-84e8-e8a9ef2634f7,3/19/2019 9:51:52 PM,"System.NullReferenceException: Object reference not set to an instance of an object.    at C1Function.Page_Load(Object sender, EventArgs e) in C:\websites\teaching_physician_test\App_Data\UserControls\CustomWidgets\SelfAssessmentData.ascx.cs:line 25",4,2,4,1,2,4,2,3,3,2,5,3,2,5,1,5,4,3,5,4,3,4,2,False,False,False,False,False,False,False,False,False,False,False,False,False,False,False,False,False,False,False,False,False,False,False
27c95467-c814-4ea4-9332-c3d6f25e21e3,3/20/2019 1:22:14 AM,0 STFM Staff,1,2,3,3,0,0,0,0,0,0,0,0,0,0,0,0,0,0,0,2,4,2,0,False,False,False,False,False,False,False,False,False,False,False,False,False,False,False,False,False,False,False,False,False,False,False
5765e520-00b2-4aa8-a1e3-972fd96ee0ff,3/20/2019 1:35:21 AM,0 STFM Staff,1,2,3,4,3,4,2,1,1,3,5,4,4,5,4,3,3,4,4,4,2,3,3,False,True,False,False,False,False,False,False,False,False,False,False,True,False,False,False,False,False,False,False,False,False,True
0fd716a5-8ce8-4bb2-9897-b4808f9ba0d3,3/20/2019 3:13:28 AM,0 STFM Staff,5,5,5,5,5,5,4,4,4,4,3,3,3,3,2,2,2,2,2,1,1,1,1,False,False,False,False,False,False,False,False,False,False,False,False,False,False,False,False,False,False,False,False,False,False,False
159233dc-3397-4d4e-83fc-2ccfdc05881f,3/20/2019 3:19:23 AM,0 STFM Staff,5,5,5,5,5,5,4,4,4,4,3,3,3,3,2,2,2,2,2,1,1,1,1,False,False,False,False,False,False,False,False,False,False,False,False,False,False,False,False,False,False,False,False,False,False,False
84761bb0-bbef-48e5-a4cb-96ceefbbdd0b,3/20/2019 1:00:14 PM,"System.NullReferenceException: Object reference not set to an instance of an object.    at C1Function.Page_Load(Object sender, EventArgs e) in C:\websites\teaching_physician_test\App_Data\UserControls\CustomWidgets\SelfAssessmentData.ascx.cs:line 25",2,2,3,3,3,4,2,2,2,5,1,5,1,2,5,3,2,2,3,4,2,3,5,False,False,True,False,False,False,False,False,False,True,False,False,False,False,False,False,False,False,False,False,False,True,False
63acc340-1b95-4840-a3ce-043b8a81a490,3/20/2019 3:26:56 PM,"System.NullReferenceException: Object reference not set to an instance of an object.    at C1Function.Page_Load(Object sender, EventArgs e) in C:\websites\teaching_physician_test\App_Data\UserControls\CustomWidgets\SelfAssessmentData.ascx.cs:line 25",0,0,0,0,0,0,0,0,0,0,0,0,0,0,0,3,4,3,2,2,3,4,3,False,False,False,False,False,False,False,False,False,False,False,False,False,False,False,True,False,True,False,True,False,True,False
0c28ac04-ea75-4fdf-b4cd-7f6d2d94e5e4,3/20/2019 3:32:02 PM,"System.NullReferenceException: Object reference not set to an instance of an object.    at C1Function.Page_Load(Object sender, EventArgs e) in C:\websites\teaching_physician_test\App_Data\UserControls\CustomWidgets\SelfAssessmentData.ascx.cs:line 25",0,0,0,0,0,0,0,0,0,0,0,0,0,0,5,0,4,0,0,3,2,4,3,False,False,False,False,False,False,False,False,False,False,False,False,False,False,False,True,False,False,False,True,False,True,False
95b23d59-a75f-41c6-b8e7-2a356c8b859b,3/20/2019 4:15:16 PM,"System.NullReferenceException: Object reference not set to an instance of an object.    at C1Function.Page_Load(Object sender, EventArgs e) in C:\websites\teaching_physician_test\App_Data\UserControls\CustomWidgets\SelfAssessmentData.ascx.cs:line 25",0,0,0,0,0,0,0,0,0,0,0,0,0,0,0,0,0,0,0,0,3,4,3,False,False,False,False,False,False,False,False,False,False,False,False,False,False,False,False,False,False,False,False,True,False,False
628d55db-308c-46cc-b72a-c3ee55480704,3/20/2019 4:36:27 PM,"System.NullReferenceException: Object reference not set to an instance of an object.    at C1Function.Page_Load(Object sender, EventArgs e) in C:\websites\teaching_physician_test\App_Data\UserControls\CustomWidgets\SelfAssessmentData.ascx.cs:line 25",2,3,3,3,2,4,2,2,3,4,3,2,2,4,3,3,2,3,3,3,4,3,3,False,False,True,False,False,False,False,False,False,False,False,True,True,False,False,False,False,False,True,False,False,False,False
e29adafd-edb8-4376-b199-d5e311746314,3/20/2019 6:26:11 PM,0 STFM Staff,0,0,0,0,0,0,0,4,2,3,0,0,0,0,3,0,0,0,0,0,0,0,0,False,False,False,False,False,False,False,False,False,False,False,False,False,False,False,False,False,False,False,False,False,False,False
ed18d8a8-fd1f-46f7-b02d-0f7927727ea2,3/20/2019 6:39:35 PM,0 STFM Staff,5,2,3,4,3,2,4,3,2,1,1,2,4,5,3,2,2,3,3,5,2,3,3,False,False,False,False,False,False,False,False,False,False,False,False,False,False,False,False,False,False,False,True,False,False,False
f6cbe65e-1310-4f09-bb36-795355e6e894,3/20/2019 6:42:05 PM,0 STFM Staff,4,3,4,2,3,3,5,4,3,3,5,3,4,2,2,2,3,3,1,2,3,3,4,False,False,True,False,False,False,False,False,False,False,False,False,False,False,False,False,False,False,False,True,False,False,False
0d60c56b-db66-4b81-8502-fa54720ab2fe,3/21/2019 2:26:14 AM,"System.NullReferenceException: Object reference not set to an instance of an object.    at C1Function.Page_Load(Object sender, EventArgs e) in C:\websites\teaching_physician_test\App_Data\UserControls\CustomWidgets\SelfAssessmentData.ascx.cs:line 25",1,2,3,4,5,4,3,2,1,2,3,4,5,4,3,2,1,2,3,5,4,3,2,False,False,False,False,True,False,False,False,False,False,False,False,True,False,False,False,False,False,False,True,False,False,False
9a7fb85b-06aa-4ab7-96a3-f62fc7d48135,3/21/2019 3:09:37 AM,"System.NullReferenceException: Object reference not set to an instance of an object.    at C1Function.Page_Load(Object sender, EventArgs e) in C:\websites\teaching_physician_test\App_Data\UserControls\CustomWidgets\SelfAssessmentData.ascx.cs:line 25",1,2,4,3,1,3,3,2,2,3,4,3,3,2,2,4,4,3,2,3,3,4,4,False,False,False,False,False,False,False,False,False,False,False,False,False,False,False,False,False,False,False,False,True,True,False
e5bd2101-f311-4fe5-aa15-1419c8826911,3/22/2019 1:49:06 AM,"System.NullReferenceException: Object reference not set to an instance of an object.    at C1Function.Page_Load(Object sender, EventArgs e) in C:\websites\teaching_physician_test\App_Data\UserControls\CustomWidgets\SelfAssessmentData.ascx.cs:line 25",1,2,3,3,5,3,5,5,3,1,1,2,3,4,3,2,1,2,4,1,2,3,5,False,False,False,False,False,False,False,False,False,False,False,False,False,False,False,False,False,False,False,False,False,False,False
011b04e5-9dee-46bd-beb4-64b79b78beea,3/22/2019 1:51:28 AM,"System.NullReferenceException: Object reference not set to an instance of an object.    at C1Function.Page_Load(Object sender, EventArgs e) in C:\websites\teaching_physician_test\App_Data\UserControls\CustomWidgets\SelfAssessmentData.ascx.cs:line 25",1,2,3,4,5,4,3,2,1,2,3,4,5,4,3,2,1,2,3,4,5,4,3,False,False,False,False,False,False,False,False,False,False,False,False,False,False,False,False,False,False,False,False,False,False,False
0ddd80cc-2224-4630-b9b8-b2fd7bfd3403,3/22/2019 3:14:02 PM,"System.NullReferenceException: Object reference not set to an instance of an object.    at C1Function.Page_Load(Object sender, EventArgs e) in C:\websites\teaching_physician_test\App_Data\UserControls\CustomWidgets\SelfAssessmentData.ascx.cs:line 25",4,2,1,3,4,3,2,4,5,3,3,4,0,4,2,5,0,4,3,2,3,3,2,True,False,True,True,False,False,False,True,True,False,False,True,False,True,False,True,False,True,True,True,False,False,False
6b4b8216-fad3-408b-9fe0-ed42d6356fad,3/22/2019 9:51:30 PM,"System.NullReferenceException: Object reference not set to an instance of an object.    at C1Function.Page_Load(Object sender, EventArgs e) in C:\websites\teaching_physician_test\App_Data\UserControls\CustomWidgets\SelfAssessmentData.ascx.cs:line 25",2,0,3,4,3,0,3,0,2,0,0,0,0,0,0,0,0,0,0,0,0,0,0,False,False,False,False,True,True,False,False,False,False,False,False,False,False,False,False,False,False,False,False,False,False,False
f2d52839-555c-4f6f-a75b-2c2e35a3195d,3/23/2019 3:55:12 PM,"System.NullReferenceException: Object reference not set to an instance of an object.    at C1Function.Page_Load(Object sender, EventArgs e) in C:\websites\teaching_physician_test\App_Data\UserControls\CustomWidgets\SelfAssessmentData.ascx.cs:line 25",1,1,1,1,1,1,5,5,5,5,5,5,3,5,5,5,5,5,5,1,1,1,1,False,False,False,False,False,False,False,False,False,False,False,False,True,False,False,False,False,False,False,False,False,False,False
9bcc9208-beeb-47cd-bb07-3ea113809cd2,3/23/2019 5:50:36 PM,"System.NullReferenceException: Object reference not set to an instance of an object.    at C1Function.Page_Load(Object sender, EventArgs e) in C:\websites\teaching_physician_test\App_Data\UserControls\CustomWidgets\SelfAssessmentData.ascx.cs:line 25",0,0,0,0,0,0,0,0,0,0,1,2,2,1,3,2,4,3,3,0,2,0,0,False,False,False,False,False,False,False,False,False,False,True,True,False,False,False,False,False,False,False,False,False,False,False
73bd361c-784b-4ff7-9e25-f77f5ac7e2e9,3/23/2019 5:54:46 PM,"System.NullReferenceException: Object reference not set to an instance of an object.    at C1Function.Page_Load(Object sender, EventArgs e) in C:\websites\teaching_physician_test\App_Data\UserControls\CustomWidgets\SelfAssessmentData.ascx.cs:line 25",0,0,2,3,2,3,2,3,4,3,2,0,3,5,0,0,0,0,0,0,0,0,0,False,False,False,True,False,True,False,False,True,False,False,True,True,True,False,False,False,False,False,False,False,False,False
526c82f4-7a0c-4355-a931-4605c56a57a9,3/23/2019 5:55:47 PM,"System.NullReferenceException: Object reference not set to an instance of an object.    at C1Function.Page_Load(Object sender, EventArgs e) in C:\websites\teaching_physician_test\App_Data\UserControls\CustomWidgets\SelfAssessmentData.ascx.cs:line 25",1,2,3,4,5,4,3,2,1,2,3,4,5,4,3,2,1,2,3,4,5,4,3,False,False,False,False,False,False,False,False,False,False,False,False,False,False,False,False,False,False,False,False,False,False,False
853c0481-31e9-4e17-9b56-4185a39f6c0e,3/24/2019 12:59:25 AM,"System.NullReferenceException: Object reference not set to an instance of an object.    at C1Function.Page_Load(Object sender, EventArgs e) in C:\websites\teaching_physician_test\App_Data\UserControls\CustomWidgets\SelfAssessmentData.ascx.cs:line 25",4,3,1,3,1,3,1,2,3,4,1,2,4,3,2,1,4,3,2,1,3,2,4,False,True,False,False,False,False,False,False,False,False,False,False,False,True,False,False,False,False,False,False,False,True,False
3885334d-f9e3-4135-be14-fb168ca54c6c,3/25/2019 3:12:20 PM,"System.NullReferenceException: Object reference not set to an instance of an object.    at C1Function.Page_Load(Object sender, EventArgs e) in C:\websites\teaching_physician_test\App_Data\UserControls\CustomWidgets\SelfAssessmentData.ascx.cs:line 25",1,2,3,1,0,3,0,0,0,0,0,0,0,0,0,0,0,0,0,0,0,0,0,False,True,False,True,False,False,False,False,False,False,False,False,False,False,False,False,False,False,False,False,False,False,False
9564f81f-38f8-438a-963f-37557885e29b,3/25/2019 3:13:02 PM,"System.NullReferenceException: Object reference not set to an instance of an object.    at C1Function.Page_Load(Object sender, EventArgs e) in C:\websites\teaching_physician_test\App_Data\UserControls\CustomWidgets\SelfAssessmentData.ascx.cs:line 25",1,2,3,3,3,2,0,0,0,0,0,0,0,0,0,0,0,0,0,0,0,0,0,True,False,True,False,False,True,False,False,False,False,False,False,False,False,False,False,False,False,False,False,False,False,False
5ab5b346-0229-40ca-a1d4-a2ddaf56ccda,3/25/2019 3:34:50 PM,"System.NullReferenceException: Object reference not set to an instance of an object.    at C1Function.Page_Load(Object sender, EventArgs e) in C:\websites\teaching_physician_test\App_Data\UserControls\CustomWidgets\SelfAssessmentData.ascx.cs:line 25",2,3,3,4,3,2,0,0,0,0,0,0,0,0,0,0,0,0,0,0,0,0,0,False,True,False,False,True,False,False,False,False,False,False,False,False,False,False,False,False,False,False,False,False,False,False
25477116-b9fa-4959-8f5b-d950f17f1290,3/25/2019 6:13:55 PM,"System.NullReferenceException: Object reference not set to an instance of an object.    at C1Function.Page_Load(Object sender, EventArgs e) in C:\websites\teaching_physician_test\App_Data\UserControls\CustomWidgets\SelfAssessmentData.ascx.cs:line 25",1,2,2,3,3,1,2,3,3,4,2,3,2,3,2,3,2,2,3,1,2,2,2,False,True,True,False,False,False,False,True,False,False,False,False,True,False,False,False,False,False,False,True,False,False,False
df663fed-57c8-4cee-b0d6-992d3d2a200f,3/25/2019 6:18:31 PM,"System.NullReferenceException: Object reference not set to an instance of an object.    at C1Function.Page_Load(Object sender, EventArgs e) in C:\websites\teaching_physician_test\App_Data\UserControls\CustomWidgets\SelfAssessmentData.ascx.cs:line 25",2,3,3,0,2,2,0,3,0,0,0,0,0,0,0,0,0,0,0,0,0,3,0,True,False,True,False,False,False,False,True,True,True,False,True,True,False,False,False,False,False,False,False,False,False,False
daa47c0a-3948-4f02-a7c4-51f5427a5e69,3/25/2019 10:19:10 PM,"System.NullReferenceException: Object reference not set to an instance of an object.    at C1Function.Page_Load(Object sender, EventArgs e) in C:\websites\teaching_physician_test\App_Data\UserControls\CustomWidgets\SelfAssessmentData.ascx.cs:line 25",1,2,3,2,2,2,2,2,3,2,1,2,1,1,3,3,2,3,3,2,2,1,1,True,False,True,False,True,False,False,True,False,False,False,False,False,False,False,False,True,False,False,False,False,True,True
1b78a264-fe8d-4390-bf87-50d92df776e9,3/25/2019 10:44:14 PM,"System.NullReferenceException: Object reference not set to an instance of an object.    at C1Function.Page_Load(Object sender, EventArgs e) in C:\websites\teaching_physician_test\App_Data\UserControls\CustomWidgets\SelfAssessmentData.ascx.cs:line 25",1,2,4,3,2,2,2,3,4,3,2,1,1,2,2,3,3,2,3,3,4,4,2,True,False,False,False,True,False,True,False,False,False,False,True,True,False,False,False,False,False,False,False,False,False,False
611eed8a-6686-4268-853e-3f669ac1f92e,3/26/2019 1:52:28 AM,"System.NullReferenceException: Object reference not set to an instance of an object.    at C1Function.Page_Load(Object sender, EventArgs e) in C:\websites\teaching_physician_test\App_Data\UserControls\CustomWidgets\SelfAssessmentData.ascx.cs:line 25",1,3,5,2,4,3,2,3,4,2,2,2,3,5,5,3,2,3,4,4,2,3,5,False,True,False,False,True,False,False,False,False,False,False,False,False,False,False,False,False,False,False,False,False,False,False
d55c7db6-45bc-41c3-bb77-96c6b6f7bbec,3/26/2019 8:24:38 PM,"System.NullReferenceException: Object reference not set to an instance of an object.    at C1Function.Page_Load(Object sender, EventArgs e) in C:\websites\teaching_physician_test\App_Data\UserControls\CustomWidgets\SelfAssessmentData.ascx.cs:line 25",2,2,2,3,3,4,1,3,2,2,4,3,2,4,2,3,2,4,1,2,3,1,5,False,False,False,False,True,False,False,False,False,True,False,True,False,True,False,False,False,True,True,False,False,True,False
92e0353d-3754-4ce8-9bff-1c4df74ff847,3/31/2019 1:34:40 AM,A-OPTIC,1,1,1,1,1,1,2,2,2,2,3,3,3,3,4,4,4,4,4,5,5,5,5,False,False,False,False,False,False,False,False,False,False,False,False,False,False,False,False,False,False,False,False,True,True,False
4fee5679-23c6-4ad2-9912-ae5b6607c0ee,3/31/2019 1:41:10 AM,A-OPTIC,1,1,1,1,1,1,2,2,2,2,3,3,3,3,4,4,4,4,4,5,5,5,5,False,False,False,False,False,False,False,False,False,False,False,False,False,False,False,False,False,False,False,False,True,False,True
889c632b-150e-44c5-8f08-f048a60bc791,3/31/2019 12:15:37 PM,A-OPTIC,1,2,3,5,4,3,2,1,3,4,5,0,3,2,1,2,0,5,3,3,4,5,2,False,False,False,False,True,False,False,True,False,False,False,True,False,False,False,False,True,False,False,False,True,False,False
a6b79424-12ae-4a28-bae8-08d7e00520b0,3/31/2019 9:05:41 PM,"System.NullReferenceException: Object reference not set to an instance of an object.    at C1Function.Page_Load(Object sender, EventArgs e) in D:\inetpub\DomainID227621\App_Data\UserControls\CustomWidgets\SelfAssessmentData.ascx.cs:line 25",2,1,3,4,2,4,1,2,4,5,5,2,3,4,3,4,2,3,1,2,3,5,4,False,False,False,True,False,False,False,False,True,False,True,False,False,False,False,False,False,False,True,False,False,False,True
16bd4ce9-f144-4a5d-8b1a-12334ac75804,3/31/2019 9:24:49 PM,A-OPTIC,1,2,3,5,4,3,2,1,3,4,5,0,3,2,1,2,0,5,3,3,4,5,2,False,False,False,False,True,False,False,True,False,False,False,True,False,False,False,False,True,False,False,False,True,False,False
